SimulationSecond,ReceiveRate,PacketsReceived,NumberOfSinks,RoutingProtocol,TransmissionPower,WavePktsSent,WavePtksReceived,WavePktsPpr,ExpectedWavePktsReceived,ExpectedWavePktsInCoverageReceived,BSM_PDR1,BSM_PDR2,BSM_PDR3,BSM_PDR4,BSM_PDR5,BSM_PDR6,BSM_PDR7,BSM_PDR8,BSM_PDR9,BSM_PDR10,MacPhyOverhead
+0s,0,0,10,protocol,7.5,0,0,0,0,0,0,0,0,0,0,0,0,0,0,0,0
+1s,0,0,10,protocol,7.5,0,0,0,0,0,0,0,0,0,0,0,0,0,0,0,1
+2s,2.048,4,10,protocol,7.5,1560,5409,3.46731,3719,2907,0.781662,0.356606,0.185564,0.114375,0.0827887,0.0656807,0.0555801,0.0555801,0.0555801,0.0555801,0.304168
+3s,6.144,12,10,protocol,7.5,1560,5294,3.39359,3718,2885,0.775955,0.343067,0.175997,0.109636,0.0790314,0.0633731,0.0534548,0.0534548,0.0534548,0.0534548,0.363741
+4s,11.264,22,10,protocol,7.5,1560,5048,3.2359,3898,2853,0.731914,0.320676,0.163928,0.101893,0.0742287,0.0596683,0.0503762,0.0503762,0.0503762,0.0503762,0.420917
+5s,6.144,12,10,protocol,7.5,1560,5305,3.40064,3914,2873,0.734032,0.32001,0.167599,0.10511,0.076825,0.0618543,0.0525815,0.0525815,0.0525815,0.0525815,0.418857
+6s,4.608,9,10,protocol,7.5,1560,5678,3.63974,4166,3111,0.746759,0.328723,0.175166,0.110244,0.0810842,0.065417,0.0556165,0.0556165,0.0556165,0.0556165,0.419288
+7s,4.608,9,10,protocol,7.5,1560,5659,3.62756,4355,3110,0.714122,0.318306,0.170519,0.107801,0.0793822,0.0644482,0.0548539,0.0548539,0.0548539,0.0548539,0.43003
+8s,6.144,12,10,protocol,7.5,1560,5669,3.63397,4567,3363,0.73637,0.318604,0.16805,0.106468,0.0784919,0.0638408,0.0543679,0.0543679,0.0543679,0.0543679,0.424771
+9s,5.12,10,10,protocol,7.5,1560,5757,3.69038,4742,3459,0.729439,0.321029,0.167877,0.106098,0.0784172,0.0641885,0.0547212,0.0547212,0.0547212,0.0547212,0.430849
+10s,5.12,10,10,protocol,7.5,1560,5777,3.70321,4813,3518,0.730937,0.316916,0.164911,0.105105,0.0776218,0.0636023,0.0544173,0.0544173,0.0544173,0.0544173,0.427972
+11s,12.8,25,10,protocol,7.5,1560,5601,3.59038,4984,3428,0.687801,0.29987,0.156922,0.100441,0.0747009,0.0611844,0.0523835,0.0523835,0.0523835,0.0523835,0.438772
+12s,5.632,11,10,protocol,7.5,1560,5660,3.62821,4926,3365,0.68311,0.29809,0.156431,0.100014,0.0752349,0.0613032,0.0525505,0.0525505,0.0525505,0.0525505,0.440441
+13s,6.144,12,10,protocol,7.5,1560,5361,3.43654,4837,3201,0.661774,0.279111,0.145576,0.0932624,0.0708921,0.0575295,0.049422,0.049422,0.049422,0.049422,0.443575
+14s,3.584,7,10,protocol,7.5,1560,5752,3.68718,4804,3447,0.717527,0.300104,0.154603,0.099538,0.0760404,0.0613776,0.0526562,0.0526562,0.0526562,0.0526562,0.447304
+15s,5.632,11,10,protocol,7.5,1560,5635,3.61218,4958,3508,0.707543,0.29757,0.149442,0.0970631,0.0736987,0.0597067,0.0512702,0.0512702,0.0512702,0.0512702,0.44798
+16s,4.608,9,10,protocol,7.5,1560,5898,3.78077,4950,3579,0.72303,0.314646,0.155522,0.10145,0.0767629,0.0622303,0.0535914,0.0535914,0.0535914,0.0535914,0.446517
+17s,1.536,3,10,protocol,7.5,1560,5114,3.27821,5049,3293,0.652208,0.267895,0.134749,0.0879677,0.0662006,0.0536965,0.0463321,0.0463321,0.0463321,0.0463321,0.449549
+18s,0,0,10,protocol,7.5,1560,5671,3.63526,4842,3379,0.697852,0.296372,0.148561,0.0975471,0.0729887,0.0594731,0.0510386,0.0510386,0.0510386,0.0510386,0.452493
+19s,2.56,5,10,protocol,7.5,1560,5348,3.42821,4709,3278,0.696114,0.277243,0.139996,0.0922069,0.068789,0.0560852,0.0479697,0.0479697,0.0479697,0.0479697,0.45592
+20s,3.584,7,10,protocol,7.5,1560,5268,3.37692,4659,3206,0.688131,0.266881,0.138079,0.090416,0.0673502,0.0552224,0.0472216,0.0472216,0.0472216,0.0472216,0.455527
+21s,4.096,8,10,protocol,7.5,1560,5089,3.26218,4667,3217,0.689308,0.259836,0.133967,0.0872599,0.065211,0.0533209,0.045604,0.045604,0.045604,0.045604,0.457993
+22s,4.096,8,10,protocol,7.5,1560,5360,3.4359,4908,3400,0.692747,0.27685,0.141004,0.0914286,0.0686431,0.0559195,0.0478439,0.0478439,0.0478439,0.0478439,0.458535
+23s,1.536,3,10,protocol,7.5,1560,5561,3.56474,5299,3596,0.678619,0.292293,0.146546,0.0947343,0.0712757,0.0580038,0.0494065,0.0494065,0.0494065,0.0494065,0.462327
+24s,2.56,5,10,protocol,7.5,1560,5553,3.55962,5462,3630,0.664592,0.290954,0.146093,0.0941745,0.0712371,0.0578191,0.0491755,0.0491755,0.0491755,0.0491755,0.462901
+25s,3.584,7,10,protocol,7.5,1560,5638,3.6141,5341,3614,0.676652,0.292902,0.146838,0.0949302,0.0720198,0.0584473,0.0498448,0.0498448,0.0498448,0.0498448,0.464361
+26s,4.608,9,10,protocol,7.5,1560,5338,3.42179,4820,3189,0.661618,0.267109,0.138369,0.090067,0.0679662,0.0551458,0.0473118,0.0473118,0.0473118,0.0473118,0.465026
+27s,2.56,5,10,protocol,7.5,1560,5208,3.33846,4646,3099,0.667025,0.262085,0.134884,0.0878246,0.0658774,0.0538367,0.0461682,0.0461682,0.0461682,0.0461682,0.466564
+28s,2.56,5,10,protocol,7.5,1560,5476,3.51026,4872,3247,0.666461,0.274036,0.141349,0.09233,0.0691414,0.0567349,0.0484306,0.0484306,0.0484306,0.0484306,0.466071
+29s,4.096,8,10,protocol,7.5,1560,5634,3.61154,5036,3449,0.684869,0.280259,0.145195,0.0942913,0.0709456,0.0582627,0.0497229,0.0497229,0.0497229,0.0497229,0.464801
+30s,4.096,8,10,protocol,7.5,1560,5445,3.49038,5343,3417,0.639528,0.268805,0.140201,0.0908196,0.0686079,0.056141,0.0481586,0.0481586,0.0481586,0.0481586,0.463553
+31s,3.584,7,10,protocol,7.5,1560,5861,3.75705,5365,3532,0.658341,0.281207,0.15007,0.0979724,0.07359,0.0604108,0.0519054,0.0519054,0.0519054,0.0519054,0.462622
+32s,7.68,15,10,protocol,7.5,1560,5750,3.6859,5491,3632,0.661446,0.276,0.146418,0.0954531,0.071911,0.0591746,0.0507995,0.0507995,0.0507995,0.0507995,0.46631
+33s,6.144,12,10,protocol,7.5,1560,6163,3.95064,5578,3737,0.669953,0.291288,0.156744,0.102041,0.0774441,0.0635872,0.054226,0.054226,0.054226,0.054226,0.466051
+34s,6.656,13,10,protocol,7.5,1560,5905,3.78526,5725,3776,0.659563,0.280401,0.149097,0.0978508,0.0743778,0.0608688,0.051934,0.051934,0.051934,0.051934,0.466716
+35s,7.68,15,10,protocol,7.5,1560,6092,3.90513,5903,3782,0.640691,0.28369,0.153408,0.10098,0.0766068,0.0624276,0.0535829,0.0535829,0.0535829,0.0535829,0.468152
+36s,6.144,12,10,protocol,7.5,1560,6283,4.02756,5900,3778,0.640339,0.291779,0.157979,0.104595,0.078847,0.0641836,0.0549727,0.0549727,0.0549727,0.0549727,0.468132
+37s,5.12,10,10,protocol,7.5,1560,6360,4.07692,6066,3858,0.636004,0.292485,0.159671,0.106417,0.0799568,0.0649822,0.0556474,0.0556474,0.0556474,0.0556474,0.468831
+38s,8.192,16,10,protocol,7.5,1560,6292,4.03333,6134,3837,0.62553,0.2853,0.15773,0.104649,0.0787297,0.0639723,0.0549952,0.0549952,0.0549952,0.0549952,0.469401
+39s,6.144,12,10,protocol,7.5,1560,6468,4.14615,5927,3841,0.648051,0.286885,0.161979,0.10659,0.0808359,0.0657618,0.0563842,0.0563842,0.0563842,0.0563842,0.469648
+40s,5.12,10,10,protocol,7.5,1560,5943,3.80962,5822,3713,0.637753,0.266973,0.14781,0.0976119,0.0741651,0.0601701,0.0516864,0.0516864,0.0516864,0.0516864,0.471766
+41s,8.192,16,10,protocol,7.5,1560,6520,4.17949,5999,3933,0.655609,0.29624,0.160908,0.107187,0.0808071,0.0659739,0.0565692,0.0565692,0.0565692,0.0565692,0.4717
+42s,6.656,13,10,protocol,7.5,1560,6245,4.00321,6007,3879,0.645747,0.284972,0.153135,0.102129,0.0772906,0.0634229,0.0541861,0.0541861,0.0541861,0.0541861,0.473018
+43s,4.608,9,10,protocol,7.5,1560,6150,3.94231,6043,3862,0.639087,0.271501,0.151878,0.1,0.0764193,0.0625159,0.0534462,0.0534462,0.0534462,0.0534462,0.473043
+44s,3.584,7,10,protocol,7.5,1560,6128,3.92821,5775,3673,0.636017,0.272634,0.151484,0.0998957,0.0760666,0.0622568,0.0532402,0.0532402,0.0532402,0.0532402,0.472703
+45s,3.584,7,10,protocol,7.5,1560,5892,3.77692,5978,3552,0.594179,0.260748,0.143985,0.0961175,0.0728784,0.0600012,0.0511325,0.0511325,0.0511325,0.0511325,0.472539
+46s,4.096,8,10,protocol,7.5,1560,6015,3.85577,6189,3733,0.603167,0.268919,0.146611,0.0985193,0.0743134,0.0612469,0.052195,0.052195,0.052195,0.052195,0.472832
+47s,4.096,8,10,protocol,7.5,1560,5946,3.81154,6176,3825,0.619333,0.261432,0.145914,0.0971458,0.0734918,0.0606821,0.0515855,0.0515855,0.0515855,0.0515855,0.472312
+48s,4.096,8,10,protocol,7.5,1560,6222,3.98846,6154,3969,0.644946,0.273089,0.150946,0.1018,0.0770393,0.0633366,0.0540498,0.0540498,0.0540498,0.0540498,0.471889
+49s,4.096,8,10,protocol,7.5,1560,5989,3.8391,6219,3740,0.601383,0.262007,0.145721,0.0977333,0.0738681,0.0610014,0.0520357,0.0520357,0.0520357,0.0520357,0.472056
+50s,3.584,7,10,protocol,7.5,1560,6438,4.12692,6080,3920,0.644737,0.286301,0.157389,0.104864,0.0791804,0.0653027,0.0557084,0.0557084,0.0557084,0.0557084,0.47123
+51s,3.072,6,10,protocol,7.5,1560,5937,3.80577,5752,3757,0.653164,0.268755,0.14528,0.0968958,0.0730807,0.0600133,0.051242,0.051242,0.051242,0.051242,0.472117
+52s,8.192,16,10,protocol,7.5,1560,5743,3.68141,5708,3577,0.626664,0.264378,0.140881,0.0935418,0.070644,0.057958,0.0495035,0.0495035,0.0495035,0.0495035,0.473322
+53s,6.144,12,10,protocol,7.5,1560,5924,3.79744,5605,3586,0.639786,0.274849,0.145153,0.096161,0.0728176,0.0593867,0.05074,0.05074,0.05074,0.05074,0.473177
+54s,6.144,12,10,protocol,7.5,1560,5992,3.84103,5590,3552,0.63542,0.274719,0.146371,0.096653,0.0733666,0.059667,0.0512496,0.0512496,0.0512496,0.0512496,0.473392
+55s,6.144,12,10,protocol,7.5,1560,5504,3.52821,5712,3494,0.611695,0.25788,0.134303,0.0885115,0.0672023,0.0546873,0.0470182,0.0470182,0.0470182,0.0470182,0.474529
+56s,8.704,17,10,protocol,7.5,1560,5544,3.55385,5765,3561,0.617693,0.260608,0.134488,0.0892366,0.0671788,0.0548558,0.0473676,0.0473676,0.0473676,0.0473676,0.47519
+57s,4.608,9,10,protocol,7.5,1560,5777,3.70321,5786,3616,0.624957,0.266712,0.139869,0.0927674,0.0696016,0.0570388,0.0493331,0.0493331,0.0493331,0.0493331,0.474702
+58s,3.072,6,10,protocol,7.5,1560,5875,3.76603,6034,3733,0.618661,0.265233,0.142255,0.0938079,0.0702592,0.0578089,0.0500989,0.0500989,0.0500989,0.0500989,0.474997
+59s,5.632,11,10,protocol,7.5,1560,5732,3.67436,5854,3688,0.629997,0.253834,0.138638,0.0914034,0.0685507,0.0562888,0.0488545,0.0488545,0.0488545,0.0488545,0.474956
+60s,5.632,11,10,protocol,7.5,1560,5679,3.64038,5825,3636,0.624206,0.249828,0.137423,0.0905771,0.0677863,0.0555648,0.0483249,0.0483249,0.0483249,0.0483249,0.474927
+61s,6.144,12,10,protocol,7.5,1560,5990,3.83974,5811,3643,0.626914,0.26317,0.144101,0.0954141,0.0713061,0.0585481,0.0507356,0.0507356,0.0507356,0.0507356,0.474404
+62s,4.096,8,10,protocol,7.5,1560,6033,3.86731,5810,3714,0.639243,0.262984,0.144247,0.0953231,0.0718865,0.0589921,0.0509471,0.0509471,0.0509471,0.0509471,0.474492
+63s,5.12,10,10,protocol,7.5,1560,5872,3.7641,6091,3779,0.620424,0.263237,0.139564,0.0923837,0.0700749,0.0572794,0.0494759,0.0494759,0.0494759,0.0494759,0.474735
+64s,4.608,9,10,protocol,7.5,1560,5970,3.82692,6138,3891,0.63392,0.271516,0.141721,0.0933907,0.0714559,0.0580909,0.0503211,0.0503211,0.0503211,0.0503211,0.475286
+65s,6.144,12,10,protocol,7.5,1560,5930,3.80128,5976,3922,0.656292,0.272139,0.140146,0.0926548,0.070565,0.0577686,0.0499857,0.0499857,0.0499857,0.0499857,0.475886
+66s,6.144,12,10,protocol,7.5,1560,5755,3.6891,5902,3828,0.648594,0.264874,0.137017,0.090191,0.0682438,0.0562963,0.0485416,0.0485416,0.0485416,0.0485416,0.47561
+67s,5.12,10,10,protocol,7.5,1560,5895,3.77885,5939,3696,0.622327,0.265154,0.140317,0.0922275,0.0700568,0.0578435,0.0499551,0.0499551,0.0499551,0.0499551,0.476166
+68s,7.168,14,10,protocol,7.5,1560,6274,4.02179,6114,3913,0.640007,0.282324,0.150275,0.098317,0.0745122,0.061718,0.0531817,0.0531817,0.0531817,0.0531817,0.475481
+69s,6.656,13,10,protocol,7.5,1560,5846,3.74744,5894,3725,0.631999,0.262483,0.140715,0.0918143,0.0693863,0.0576006,0.0496518,0.0496518,0.0496518,0.0496518,0.475674
+70s,6.656,13,10,protocol,7.5,1560,5718,3.66538,5640,3576,0.634043,0.255987,0.136856,0.0901793,0.0678485,0.0561293,0.0484884,0.0484884,0.0484884,0.0484884,0.476185
+71s,6.144,12,10,protocol,7.5,1560,5778,3.70385,5905,3537,0.598984,0.255171,0.137873,0.0909821,0.0687775,0.0567572,0.0489537,0.0489537,0.0489537,0.0489537,0.476045
+72s,6.144,12,10,protocol,7.5,1560,5741,3.68013,5823,3554,0.610338,0.254411,0.13583,0.0902091,0.0684324,0.056386,0.0486583,0.0486583,0.0486583,0.0486583,0.475433
+73s,4.096,8,10,protocol,7.5,1560,5640,3.61538,5768,3547,0.614945,0.250105,0.133611,0.088081,0.0672325,0.0555195,0.0478307,0.0478307,0.0478307,0.0478307,0.475369
+74s,2.56,5,10,protocol,7.5,1560,5359,3.43526,5628,3368,0.598436,0.239231,0.126912,0.0837056,0.0638516,0.05281,0.0455326,0.0455326,0.0455326,0.0455326,0.474756
+75s,4.608,9,10,protocol,7.5,1560,5470,3.50641,5646,3458,0.612469,0.247704,0.127941,0.0855316,0.0651625,0.0538985,0.0464942,0.0464942,0.0464942,0.0464942,0.474761
+76s,2.048,4,10,protocol,7.5,1560,5587,3.58141,5508,3407,0.618555,0.252103,0.130809,0.087565,0.0663926,0.0551231,0.0474568,0.0474568,0.0474568,0.0474568,0.473899
+77s,2.048,4,10,protocol,7.5,1560,5541,3.55192,5795,3518,0.607075,0.251622,0.130248,0.086616,0.0660555,0.0545917,0.0470529,0.0470529,0.0470529,0.0470529,0.474596
+78s,2.048,4,10,protocol,7.5,1560,5610,3.59615,5817,3658,0.628846,0.253481,0.132371,0.0873818,0.0669675,0.0551639,0.0475504,0.0475504,0.0475504,0.0475504,0.473914
+79s,3.584,7,10,protocol,7.5,1560,5540,3.55128,5796,3573,0.61646,0.252812,0.131786,0.0867754,0.0662165,0.05449,0.0469225,0.0469225,0.0469225,0.0469225,0.473457
+80s,5.12,10,10,protocol,7.5,1560,5691,3.64808,5796,3594,0.620083,0.258372,0.13489,0.0894924,0.0681794,0.0562024,0.048316,0.048316,0.048316,0.048316,0.473602
+81s,4.096,8,10,protocol,7.5,1560,5604,3.59231,5714,3461,0.605705,0.250082,0.132913,0.0880509,0.0671669,0.0554385,0.0476729,0.0476729,0.0476729,0.0476729,0.473332
+82s,4.096,8,10,protocol,7.5,1560,5753,3.68782,5639,3543,0.628303,0.257674,0.137123,0.0905357,0.0692498,0.0569277,0.0489267,0.0489267,0.0489267,0.0489267,0.473262
+83s,4.096,8,10,protocol,7.5,1560,5909,3.78782,5729,3630,0.633618,0.265179,0.141822,0.0933285,0.0714839,0.0586559,0.0503301,0.0503301,0.0503301,0.0503301,0.472878
+84s,3.584,7,10,protocol,7.5,1560,5775,3.70192,5997,3569,0.595131,0.257695,0.139314,0.0914996,0.0700901,0.057417,0.0492407,0.0492407,0.0492407,0.0492407,0.474424
+85s,2.048,4,10,protocol,7.5,1560,5920,3.79487,6028,3768,0.625083,0.268149,0.142431,0.0942525,0.0719416,0.0590895,0.0506056,0.0506056,0.0506056,0.0506056,0.475516
+86s,4.608,9,10,protocol,7.5,1560,6349,4.06987,6302,3819,0.605998,0.281922,0.153006,0.102092,0.0773976,0.0635752,0.0542933,0.0542933,0.0542933,0.0542933,0.477212
+87s,5.12,10,10,protocol,7.5,1560,5911,3.7891,6355,3766,0.592604,0.263034,0.142681,0.0949101,0.0723527,0.0594937,0.0506335,0.0506335,0.0506335,0.0506335,0.477482
+88s,5.632,11,10,protocol,7.5,1560,6414,4.11154,6213,3933,0.633028,0.283869,0.15489,0.103235,0.0786646,0.0648344,0.055141,0.055141,0.055141,0.055141,0.477468
+89s,6.144,12,10,protocol,7.5,1560,6101,3.9109,6216,3764,0.605534,0.269794,0.147392,0.0988128,0.0751966,0.0617954,0.0524294,0.0524294,0.0524294,0.0524294,0.477636
+90s,6.144,12,10,protocol,7.5,1560,6532,4.18718,6227,3856,0.619239,0.284201,0.158763,0.105968,0.0807536,0.066234,0.0562982,0.0562982,0.0562982,0.0562982,0.47735
+91s,5.12,10,10,protocol,7.5,1560,6324,4.05385,6006,3934,0.655012,0.277201,0.153503,0.102347,0.0785795,0.0642461,0.0547627,0.0547627,0.0547627,0.0547627,0.477288
+92s,3.584,7,10,protocol,7.5,1560,6305,4.04167,5961,3798,0.637141,0.275723,0.154304,0.101639,0.078251,0.0641534,0.0545222,0.0545222,0.0545222,0.0545222,0.47722
+93s,4.096,8,10,protocol,7.5,1560,6462,4.14231,6156,3885,0.631092,0.283157,0.156579,0.103637,0.0801558,0.0656894,0.0558745,0.0558745,0.0558745,0.0558745,0.477119
+94s,6.144,12,10,protocol,7.5,1560,6103,3.91218,6049,3933,0.65019,0.273016,0.148077,0.0980339,0.0752946,0.0618708,0.0527262,0.0527262,0.0527262,0.0527262,0.476168
+95s,6.656,13,10,protocol,7.5,1560,5992,3.84103,5829,3632,0.623091,0.265961,0.14532,0.0964693,0.0737758,0.0606533,0.0517377,0.0517377,0.0517377,0.0517377,0.475356
+96s,5.632,11,10,protocol,7.5,1560,5621,3.60321,5602,3381,0.603534,0.253159,0.135639,0.0907476,0.0694534,0.0569175,0.0485184,0.0485184,0.0485184,0.0485184,0.474648
+97s,4.096,8,10,protocol,7.5,1560,5514,3.53462,5665,3369,0.594704,0.249379,0.134011,0.0889728,0.0679575,0.0557375,0.0477118,0.0477118,0.0477118,0.0477118,0.474189
+98s,6.144,12,10,protocol,7.5,1560,5491,3.51987,5322,3299,0.61988,0.248538,0.134162,0.0882542,0.0674852,0.0553779,0.0475914,0.0475914,0.0475914,0.0475914,0.473374
+99s,6.144,12,10,protocol,7.5,1560,5903,3.78397,5290,3427,0.647826,0.264336,0.144158,0.0948502,0.0723584,0.0593762,0.0513246,0.0513246,0.0513246,0.0513246,0.472603
+100s,5.12,10,10,protocol,7.5,1560,5726,3.67051,5171,3445,0.666215,0.261392,0.138893,0.0922745,0.0703448,0.0577119,0.0497442,0.0497442,0.0497442,0.0497442,0.472391
+101s,8.192,16,10,protocol,7.5,1560,5441,3.48782,5273,3421,0.648777,0.254943,0.132879,0.0875674,0.0667517,0.0549502,0.0473546,0.0473546,0.0473546,0.0473546,0.472303
+102s,8.704,17,10,protocol,7.5,1560,5886,3.77308,5452,3520,0.645635,0.27325,0.143919,0.0947262,0.0719683,0.0595876,0.0511488,0.0511488,0.0511488,0.0511488,0.47206
+103s,10.752,21,10,protocol,7.5,1560,5538,3.55,5412,3424,0.632668,0.258233,0.135337,0.0891056,0.0677796,0.0559824,0.0482001,0.0482001,0.0482001,0.0482001,0.471753
+104s,13.312,26,10,protocol,7.5,1560,5435,3.48397,5336,3435,0.643741,0.256462,0.133706,0.0873247,0.0665809,0.0549906,0.0472913,0.0472913,0.0472913,0.0472913,0.47122
+105s,10.24,20,10,protocol,7.5,1560,5385,3.45192,5352,3381,0.631726,0.256145,0.131425,0.0864519,0.0659522,0.0544104,0.0469154,0.0469154,0.0469154,0.0469154,0.470803
+106s,6.656,13,10,protocol,7.5,1560,5116,3.27949,5357,3304,0.616763,0.242582,0.124009,0.0823726,0.062753,0.0514973,0.0446707,0.0446707,0.0446707,0.0446707,0.47107
+107s,6.144,12,10,protocol,7.5,1560,5413,3.46987,5460,3472,0.635897,0.257936,0.132305,0.0875026,0.0662092,0.0544968,0.0473595,0.0473595,0.0473595,0.0473595,0.471064
+108s,7.68,15,10,protocol,7.5,1560,5730,3.67308,5609,3650,0.65074,0.267507,0.140379,0.0931798,0.0700335,0.0578689,0.0499791,0.0499791,0.0499791,0.0499791,0.471594
+109s,8.704,17,10,protocol,7.5,1560,6008,3.85128,5629,3806,0.676141,0.281044,0.147704,0.097645,0.0734681,0.0607531,0.0524299,0.0524299,0.0524299,0.0524299,0.471296
+110s,7.68,15,10,protocol,7.5,1560,5745,3.68269,5594,3595,0.642653,0.26313,0.141513,0.0933357,0.0702898,0.058042,0.050219,0.050219,0.050219,0.050219,0.470946
+111s,6.144,12,10,protocol,7.5,1560,5513,3.53397,5511,3459,0.627654,0.252353,0.135023,0.0891768,0.0677206,0.0557364,0.048204,0.048204,0.048204,0.048204,0.471134
+112s,5.12,10,10,protocol,7.5,1560,5298,3.39615,5629,3344,0.594066,0.24031,0.129447,0.0857379,0.0652946,0.0535065,0.0463391,0.0463391,0.0463391,0.0463391,0.471283
+113s,5.12,10,10,protocol,7.5,1560,5636,3.61282,5546,3502,0.631446,0.255761,0.136657,0.0909678,0.0696912,0.056969,0.0493097,0.0493097,0.0493097,0.0493097,0.470715
+114s,2.56,5,10,protocol,7.5,1560,5433,3.48269,5562,3435,0.617584,0.24507,0.131279,0.0878345,0.0673743,0.0551271,0.0474394,0.0474394,0.0474394,0.0474394,0.470163
+115s,3.584,7,10,protocol,7.5,1560,5716,3.6641,5590,3595,0.643113,0.256471,0.138856,0.092726,0.0711494,0.0580393,0.0498287,0.0498287,0.0498287,0.0498287,0.46968
+116s,4.096,8,10,protocol,7.5,1560,5474,3.50897,5410,3443,0.636414,0.250658,0.134071,0.0890241,0.0681032,0.0555984,0.0476306,0.0476306,0.0476306,0.0476306,0.46915
+117s,5.632,11,10,protocol,7.5,1560,5834,3.73974,5429,3484,0.641739,0.269199,0.143254,0.0952879,0.0726616,0.0594475,0.0508733,0.0508733,0.0508733,0.0508733,0.468742
+118s,6.144,12,10,protocol,7.5,1560,5271,3.37885,5312,3315,0.624059,0.244727,0.129984,0.0860853,0.0655458,0.0536822,0.0459535,0.0459535,0.0459535,0.0459535,0.468542
+119s,6.144,12,10,protocol,7.5,1560,5357,3.43397,5254,3431,0.653026,0.249867,0.133159,0.0872973,0.0665755,0.0544532,0.0465826,0.0465826,0.0465826,0.0465826,0.46818
+120s,6.144,12,10,protocol,7.5,1560,5416,3.47179,5597,3474,0.62069,0.255287,0.134978,0.0884173,0.0671261,0.0550513,0.0471444,0.0471444,0.0471444,0.0471444,0.468902
+121s,7.68,15,10,protocol,7.5,1560,5460,3.5,5544,3398,0.612915,0.261715,0.135289,0.0891924,0.0675927,0.0553837,0.0475747,0.0475747,0.0475747,0.0475747,0.469038
+122s,5.632,11,10,protocol,7.5,1560,5926,3.79872,5834,3711,0.636099,0.285614,0.146952,0.0968222,0.0737881,0.0599391,0.0516513,0.0516513,0.0516513,0.0516513,0.469518
+123s,8.704,17,10,protocol,7.5,1560,6238,3.99872,5880,3907,0.664456,0.300601,0.157239,0.102249,0.0779399,0.0629999,0.0542322,0.0542322,0.0542322,0.0542322,0.469465
+124s,5.632,11,10,protocol,7.5,1560,6357,4.075,5864,4061,0.692531,0.305185,0.161448,0.104449,0.0793831,0.06417,0.0553182,0.0553182,0.0553182,0.0553182,0.469122
+125s,4.096,8,10,protocol,7.5,1560,5904,3.78462,5703,3691,0.647203,0.279612,0.150099,0.0975287,0.0735316,0.0595311,0.0512278,0.0512278,0.0512278,0.0512278,0.469327
+126s,4.608,9,10,protocol,7.5,1560,5730,3.67308,5513,3489,0.632868,0.272474,0.146308,0.0945482,0.0713254,0.0578332,0.0496495,0.0496495,0.0496495,0.0496495,0.469478
+127s,4.608,9,10,protocol,7.5,1560,5749,3.68526,5385,3603,0.669081,0.277139,0.147558,0.095321,0.0718122,0.0579899,0.0499648,0.0499648,0.0499648,0.0499648,0.469349
+128s,2.56,5,10,protocol,7.5,1560,5614,3.59872,5628,3593,0.638415,0.274425,0.145005,0.0934079,0.0696803,0.0567569,0.0489361,0.0489361,0.0489361,0.0489361,0.468938
+129s,5.12,10,10,protocol,7.5,1560,5813,3.72628,5547,3621,0.652785,0.288219,0.150261,0.0972936,0.072101,0.0589877,0.05073,0.05073,0.05073,0.05073,0.468816
+130s,5.632,11,10,protocol,7.5,1560,5781,3.70577,5420,3459,0.638192,0.287759,0.149685,0.0964481,0.0717691,0.0587082,0.0504371,0.0504371,0.0504371,0.0504371,0.468615
+131s,4.096,8,10,protocol,7.5,1560,5469,3.50577,5185,3504,0.675796,0.276418,0.142259,0.0913891,0.0681309,0.0555798,0.047661,0.047661,0.047661,0.047661,0.468403
+132s,4.096,8,10,protocol,7.5,1560,5258,3.37051,5010,3299,0.658483,0.271052,0.138085,0.0877591,0.0658287,0.0534046,0.0457826,0.0457826,0.0457826,0.0457826,0.467786
+133s,4.096,8,10,protocol,7.5,1560,5265,3.375,4798,3249,0.677157,0.26443,0.138338,0.0878276,0.0656566,0.0533618,0.0458592,0.0458592,0.0458592,0.0458592,0.467572
+134s,3.072,6,10,protocol,7.5,1560,5312,3.40513,4859,3372,0.69397,0.268136,0.138535,0.0886027,0.0659237,0.0538022,0.0464323,0.0464323,0.0464323,0.0464323,0.467077
+135s,2.048,4,10,protocol,7.5,1560,5324,3.41282,4853,3329,0.685967,0.275077,0.137103,0.0884121,0.0658821,0.0539505,0.0464682,0.0464682,0.0464682,0.0464682,0.467428
+136s,3.072,6,10,protocol,7.5,1560,5306,3.40128,4758,3219,0.676545,0.268561,0.136359,0.0884201,0.0655313,0.0537545,0.0461447,0.0461447,0.0461447,0.0461447,0.467432
+137s,4.096,8,10,protocol,7.5,1560,5191,3.32756,4757,3351,0.704436,0.267593,0.134013,0.0858144,0.0640414,0.0525113,0.04504,0.04504,0.04504,0.04504,0.467106
+138s,6.144,12,10,protocol,7.5,1560,5097,3.26731,4770,3354,0.703145,0.263851,0.131204,0.0836122,0.0629019,0.0515129,0.0440772,0.0440772,0.0440772,0.0440772,0.467031
+139s,6.144,12,10,protocol,7.5,1560,5232,3.35385,4952,3382,0.682956,0.269044,0.134333,0.0854902,0.0646389,0.0528383,0.0451334,0.0451334,0.0451334,0.0451334,0.466725
+140s,6.656,13,10,protocol,7.5,1560,5287,3.3891,5000,3480,0.696,0.270163,0.135696,0.0859871,0.0653095,0.0531854,0.0456725,0.0456725,0.0456725,0.0456725,0.466302
+141s,6.144,12,10,protocol,7.5,1560,5058,3.24231,5069,3481,0.686723,0.262952,0.130368,0.0824262,0.0623721,0.0509263,0.0437744,0.0437744,0.0437744,0.0437744,0.46578
+142s,4.608,9,10,protocol,7.5,1560,5075,3.25321,4870,3313,0.680287,0.261372,0.131245,0.0831286,0.062762,0.0511964,0.0439672,0.0439672,0.0439672,0.0439672,0.466152
+143s,4.096,8,10,protocol,7.5,1560,5140,3.29487,4856,3327,0.685132,0.266151,0.132827,0.0847807,0.0634537,0.0517921,0.0445349,0.0445349,0.0445349,0.0445349,0.466181
+144s,5.12,10,10,protocol,7.5,1560,5382,3.45,4994,3476,0.696035,0.279684,0.138804,0.0891591,0.0662955,0.0543977,0.0465922,0.0465922,0.0465922,0.0465922,0.46642
+145s,8.192,16,10,protocol,7.5,1560,5355,3.43269,4949,3373,0.681552,0.282491,0.137442,0.0886589,0.0657483,0.05399,0.0463356,0.0463356,0.0463356,0.0463356,0.46656
+146s,7.68,15,10,protocol,7.5,1560,5383,3.45064,4933,3376,0.684371,0.282982,0.138395,0.0895257,0.0665233,0.0543759,0.0465207,0.0465207,0.0465207,0.0465207,0.466452
+147s,7.168,14,10,protocol,7.5,1560,4892,3.1359,4830,3179,0.658178,0.257578,0.127349,0.0816817,0.0607242,0.0494966,0.0424362,0.0424362,0.0424362,0.0424362,0.467347
+148s,4.608,9,10,protocol,7.5,1560,5461,3.50064,4801,3398,0.707769,0.291461,0.143232,0.091517,0.0680524,0.0552934,0.0475341,0.0475341,0.0475341,0.0475341,0.467254
+149s,6.144,12,10,protocol,7.5,1560,5597,3.58782,4798,3462,0.721551,0.301163,0.147776,0.0939047,0.0696621,0.0568483,0.0488659,0.0488659,0.0488659,0.0488659,0.467273
+150s,9.728,19,10,protocol,7.5,1560,5260,3.37179,4804,3290,0.684846,0.277498,0.138432,0.0886597,0.0657681,0.0535113,0.0460023,0.0460023,0.0460023,0.0460023,0.467376
+151s,10.24,20,10,protocol,7.5,1560,5194,3.32949,4777,3255,0.68139,0.277362,0.136929,0.0874882,0.0651997,0.0528415,0.0456302,0.0456302,0.0456302,0.0456302,0.466951
+152s,6.656,13,10,protocol,7.5,1560,5013,3.21346,4646,3173,0.682953,0.269295,0.132936,0.0849618,0.0632069,0.0512325,0.0440247,0.0440247,0.0440247,0.0440247,0.466581
+153s,4.096,8,10,protocol,7.5,1560,5337,3.42115,4632,3151,0.680268,0.280099,0.142678,0.090352,0.0675724,0.0546041,0.0469782,0.0469782,0.0469782,0.0469782,0.466365
+154s,4.096,8,10,protocol,7.5,1560,5276,3.38205,4863,3222,0.662554,0.278544,0.139507,0.0892966,0.0671196,0.0540629,0.0465646,0.0465646,0.0465646,0.0465646,0.466136
+155s,4.096,8,10,protocol,7.5,1560,5510,3.53205,5015,3323,0.662612,0.285401,0.144661,0.0934468,0.0701938,0.0564804,0.0486384,0.0486384,0.0486384,0.0486384,0.465837
+156s,2.048,4,10,protocol,7.5,1560,5331,3.41731,4911,3295,0.670943,0.272898,0.140179,0.0907327,0.0676128,0.0547246,0.047023,0.047023,0.047023,0.047023,0.46585
+157s,5.12,10,10,protocol,7.5,1560,5147,3.29936,4870,3157,0.648255,0.264586,0.135909,0.0875563,0.0651965,0.0529211,0.0454213,0.0454213,0.0454213,0.0454213,0.465635
+158s,7.68,15,10,protocol,7.5,1560,5167,3.31218,4822,3089,0.640606,0.262659,0.137303,0.0878846,0.0655311,0.0533368,0.0455752,0.0455752,0.0455752,0.0455752,0.465377
+159s,5.632,11,10,protocol,7.5,1560,5048,3.2359,4828,3090,0.640017,0.25622,0.134284,0.0857002,0.0640951,0.0522281,0.0446702,0.0446702,0.0446702,0.0446702,0.465477
+160s,7.68,15,10,protocol,7.5,1560,5476,3.51026,4875,3287,0.674256,0.28003,0.147359,0.0927664,0.0695612,0.056838,0.0484319,0.0484319,0.0484319,0.0484319,0.465234
+161s,6.144,12,10,protocol,7.5,1560,5633,3.6109,5068,3340,0.659037,0.286339,0.152842,0.0953001,0.0717662,0.0584524,0.0498011,0.0498011,0.0498011,0.0498011,0.465643
+162s,5.12,10,10,protocol,7.5,1560,5583,3.57885,5242,3475,0.662915,0.284764,0.150097,0.0942867,0.0712017,0.057801,0.0493647,0.0493647,0.0493647,0.0493647,0.465572
+163s,4.608,9,10,protocol,7.5,1560,5357,3.43397,5109,3326,0.651008,0.274448,0.142709,0.0905266,0.0684347,0.0553575,0.0472486,0.0472486,0.0472486,0.0472486,0.465892
+164s,4.096,8,10,protocol,7.5,1560,5317,3.40833,4947,3278,0.662624,0.273565,0.141188,0.0898521,0.0676067,0.0548954,0.0468913,0.0468913,0.0468913,0.0468913,0.465888
+165s,4.096,8,10,protocol,7.5,1560,5420,3.47436,4830,3215,0.665631,0.272183,0.143303,0.0915834,0.0688429,0.0556662,0.0477857,0.0477857,0.0477857,0.0477857,0.465989
+166s,3.584,7,10,protocol,7.5,1560,5391,3.45577,4740,3183,0.671519,0.271966,0.141596,0.0910042,0.068295,0.0551594,0.0475309,0.0475309,0.0475309,0.0475309,0.465776
+167s,2.048,4,10,protocol,7.5,1560,5328,3.41538,4912,3272,0.666124,0.267121,0.139094,0.0896215,0.0672091,0.0547365,0.0469419,0.0469419,0.0469419,0.0469419,0.465511
+168s,2.048,4,10,protocol,7.5,1560,5728,3.67179,5184,3446,0.664738,0.285926,0.148667,0.0962204,0.071986,0.0587879,0.0505057,0.0505057,0.0505057,0.0505057,0.465659
+169s,3.584,7,10,protocol,7.5,1560,5614,3.59872,5328,3423,0.642455,0.282876,0.145822,0.0944117,0.0703817,0.057638,0.04949,0.04949,0.04949,0.04949,0.465861
+170s,6.656,13,10,protocol,7.5,1560,5451,3.49423,5233,3357,0.641506,0.274661,0.141868,0.0915258,0.0684094,0.0562063,0.0481503,0.0481503,0.0481503,0.0481503,0.466359
+171s,6.656,13,10,protocol,7.5,1560,5539,3.55064,5142,3464,0.673668,0.2828,0.145595,0.0933026,0.0692626,0.057069,0.048993,0.048993,0.048993,0.048993,0.466288
+172s,6.144,12,10,protocol,7.5,1560,5455,3.49679,4973,3390,0.681681,0.276129,0.143026,0.0919294,0.0683533,0.0560972,0.0481695,0.0481695,0.0481695,0.0481695,0.466144
+173s,6.144,12,10,protocol,7.5,1560,5855,3.75321,5022,3580,0.712863,0.293827,0.15316,0.0988186,0.0734105,0.0602088,0.0517683,0.0517683,0.0517683,0.0517683,0.466241
+174s,6.144,12,10,protocol,7.5,1560,5721,3.66731,5085,3512,0.690659,0.284035,0.149031,0.0966516,0.0720874,0.0589338,0.0505688,0.0505688,0.0505688,0.0505688,0.466116
+175s,5.632,11,10,protocol,7.5,1560,5351,3.43013,4966,3376,0.679823,0.269265,0.138746,0.0898497,0.0675393,0.0550781,0.0472812,0.0472812,0.0472812,0.0472812,0.465816
+176s,6.144,12,10,protocol,7.5,1560,5574,3.57308,4816,3412,0.708472,0.274229,0.1451,0.0935769,0.0700709,0.0572926,0.0493952,0.0493952,0.0493952,0.0493952,0.465673
+177s,5.632,11,10,protocol,7.5,1560,5710,3.66026,4995,3535,0.707708,0.279285,0.148366,0.0960907,0.0717878,0.0586742,0.0506426,0.0506426,0.0506426,0.0506426,0.465938
+178s,3.584,7,10,protocol,7.5,1560,6017,3.85705,5081,3626,0.713639,0.297354,0.156656,0.100802,0.0756579,0.0620994,0.053391,0.053391,0.053391,0.053391,0.466213
+179s,2.048,4,10,protocol,7.5,1560,5703,3.65577,5268,3706,0.703493,0.284132,0.148315,0.0948729,0.0715011,0.0589415,0.0505576,0.0505576,0.0505576,0.0505576,0.466283
+180s,2.048,4,10,protocol,7.5,1560,5993,3.84167,5287,3787,0.716285,0.293567,0.15542,0.0995217,0.075088,0.0619521,0.0531931,0.0531931,0.0531931,0.0531931,0.466193
+181s,1.536,3,10,protocol,7.5,1560,5678,3.63974,5267,3665,0.695842,0.283489,0.148119,0.0944947,0.0716277,0.0585723,0.0504612,0.0504612,0.0504612,0.0504612,0.46671
+182s,1.024,2,10,protocol,7.5,1560,6005,3.84936,5354,3875,0.723758,0.297943,0.156813,0.0996598,0.0760204,0.061911,0.0532646,0.0532646,0.0532646,0.0532646,0.466777
+183s,0,0,10,protocol,7.5,1560,5902,3.78333,5503,3815,0.693258,0.292563,0.152692,0.0978335,0.0747685,0.0608504,0.0522777,0.0522777,0.0522777,0.0522777,0.466522
+184s,1.024,2,10,protocol,7.5,1560,5924,3.79744,5707,3808,0.667251,0.289228,0.153257,0.0983824,0.0749845,0.0612965,0.0525541,0.0525541,0.0525541,0.0525541,0.466519
+185s,1.536,3,10,protocol,7.5,1560,6129,3.92885,5646,3812,0.675168,0.296042,0.158597,0.102045,0.0774852,0.0635993,0.0543906,0.0543906,0.0543906,0.0543906,0.466385
+186s,2.048,4,10,protocol,7.5,1560,5979,3.83269,5646,3711,0.657279,0.285729,0.155049,0.0995936,0.0758679,0.0620119,0.0530712,0.0530712,0.0530712,0.0530712,0.466372
+187s,0,0,10,protocol,7.5,1560,5790,3.71154,5533,3650,0.659678,0.278082,0.149574,0.0962338,0.0736051,0.059861,0.0514813,0.0514813,0.0514813,0.0514813,0.466019
+188s,0,0,10,protocol,7.5,1560,5940,3.80769,5506,3650,0.662913,0.283909,0.152731,0.0986138,0.0754947,0.0615493,0.0527512,0.0527512,0.0527512,0.0527512,0.466192
+189s,0,0,10,protocol,7.5,1560,5978,3.83205,5449,3667,0.672968,0.293331,0.152512,0.0999599,0.075861,0.0620086,0.0530068,0.0530068,0.0530068,0.0530068,0.465706
+190s,0.512,1,10,protocol,7.5,1560,6005,3.84936,5503,3769,0.684899,0.293385,0.152811,0.100262,0.0761775,0.0621732,0.0531642,0.0531642,0.0531642,0.0531642,0.465898
+191s,0,0,10,protocol,7.5,1560,5674,3.63718,5474,3618,0.660943,0.276908,0.144069,0.0944062,0.0719996,0.0585359,0.0502333,0.0502333,0.0502333,0.0502333,0.466179
+192s,0,0,10,protocol,7.5,1560,5656,3.62564,5456,3617,0.66294,0.270841,0.143601,0.0941756,0.0718377,0.0582732,0.0499616,0.0499616,0.0499616,0.0499616,0.466244
+193s,0,0,10,protocol,7.5,1560,5610,3.59615,5401,3722,0.689132,0.272337,0.143207,0.0929331,0.0713613,0.0577535,0.049419,0.049419,0.049419,0.049419,0.466407
+194s,0.512,1,10,protocol,7.5,1560,5635,3.61218,5236,3599,0.687357,0.271886,0.144358,0.0934122,0.0712885,0.0579512,0.0495572,0.0495572,0.0495572,0.0495572,0.466413
+195s,1.536,3,10,protocol,7.5,1560,5341,3.42372,5154,3322,0.644548,0.259335,0.1364,0.0887106,0.0673102,0.0548656,0.0469002,0.0469002,0.0469002,0.0469002,0.466709
+196s,3.072,6,10,protocol,7.5,1560,5449,3.49295,5070,3266,0.644181,0.266584,0.139596,0.0903559,0.0681977,0.0559618,0.0476582,0.0476582,0.0476582,0.0476582,0.466939
+197s,4.096,8,10,protocol,7.5,1560,5478,3.51154,5095,3348,0.657115,0.26457,0.13988,0.0901743,0.0684724,0.0561012,0.0476933,0.0476933,0.0476933,0.0476933,0.466634
+198s,5.632,11,10,protocol,7.5,1560,5522,3.53974,5075,3210,0.632512,0.260577,0.141094,0.0909495,0.068756,0.0563941,0.0480049,0.0480049,0.0480049,0.0480049,0.466788
+199s,5.12,10,10,protocol,7.5,1560,5459,3.49936,5288,3313,0.626513,0.258021,0.138388,0.0896123,0.0675778,0.0556479,0.0473497,0.0473497,0.0473497,0.0473497,0.467022
+200s,4.608,9,10,protocol,7.5,1560,5514,3.53462,5336,3377,0.632871,0.261867,0.138383,0.0901835,0.0678596,0.055932,0.0476829,0.0476829,0.0476829,0.0476829,0.466775
+201s,4.096,8,10,protocol,7.5,1560,5527,3.54295,5232,3285,0.627867,0.259552,0.137927,0.0903754,0.0678176,0.0559147,0.0477169,0.0477169,0.0477169,0.0477169,0.466772
+202s,3.072,6,10,protocol,7.5,1560,5506,3.52949,5228,3330,0.636955,0.26099,0.136717,0.089762,0.0672842,0.0554766,0.0473863,0.0473863,0.0473863,0.0473863,0.466692
+203s,1.536,3,10,protocol,7.5,1560,5427,3.47885,5269,3366,0.638831,0.258839,0.13397,0.0883603,0.0661353,0.0545345,0.0465737,0.0465737,0.0465737,0.0465737,0.467047
+204s,3.072,6,10,protocol,7.5,1560,5384,3.45128,5308,3356,0.632253,0.257814,0.132487,0.0871155,0.0655626,0.0538206,0.0461461,0.0461461,0.0461461,0.0461461,0.46665
+205s,2.048,4,10,protocol,7.5,1560,5461,3.50064,5293,3305,0.62441,0.25347,0.134098,0.0875946,0.0663524,0.0545282,0.0466549,0.0466549,0.0466549,0.0466549,0.466884
+206s,4.096,8,10,protocol,7.5,1560,5116,3.27949,5233,3215,0.61437,0.238102,0.125945,0.0816248,0.06224,0.0509105,0.0437467,0.0437467,0.0437467,0.0437467,0.466538
+207s,2.56,5,10,protocol,7.5,1560,5508,3.53077,5352,3413,0.637706,0.256039,0.134825,0.0877993,0.0670587,0.0546754,0.0471208,0.0471208,0.0471208,0.0471208,0.466956
+208s,6.144,12,10,protocol,7.5,1560,5079,3.25577,5278,3224,0.610837,0.234188,0.124263,0.0810513,0.061542,0.0502752,0.0434731,0.0434731,0.0434731,0.0434731,0.466613
+209s,2.048,4,10,protocol,7.5,1560,5278,3.38333,5243,3296,0.628648,0.24202,0.129398,0.0842162,0.0638674,0.0521243,0.0451034,0.0451034,0.0451034,0.0451034,0.466439
+210s,2.048,4,10,protocol,7.5,1560,5375,3.44551,5419,3303,0.609522,0.24295,0.130442,0.0856465,0.0649296,0.0529312,0.0458453,0.0458453,0.0458453,0.0458453,0.466423
+211s,2.048,4,10,protocol,7.5,1560,5508,3.53077,5521,3377,0.611665,0.249628,0.133524,0.0873689,0.0663463,0.0541439,0.0468216,0.0468216,0.0468216,0.0468216,0.466093
+212s,3.584,7,10,protocol,7.5,1560,5340,3.42308,5745,3456,0.601567,0.245917,0.129126,0.0843829,0.0639912,0.0523088,0.0451834,0.0451834,0.0451834,0.0451834,0.465776
+213s,4.096,8,10,protocol,7.5,1560,5884,3.77179,5546,3567,0.643166,0.264646,0.142459,0.0927651,0.0705304,0.0575768,0.0496368,0.0496368,0.0496368,0.0496368,0.465858
+214s,4.096,8,10,protocol,7.5,1560,5610,3.59615,5545,3654,0.658972,0.259431,0.135292,0.0885151,0.0673599,0.0549919,0.0472935,0.0472935,0.0472935,0.0472935,0.465931
+215s,4.096,8,10,protocol,7.5,1560,5992,3.84103,5648,3731,0.660588,0.271923,0.143728,0.0944172,0.0717545,0.0585889,0.0505394,0.0505394,0.0505394,0.0505394,0.465935
+216s,3.072,6,10,protocol,7.5,1560,6075,3.89423,5809,3783,0.651231,0.274627,0.145911,0.0961828,0.0728706,0.0593383,0.0512888,0.0512888,0.0512888,0.0512888,0.46582
+217s,2.048,4,10,protocol,7.5,1560,5683,3.64295,6055,3820,0.630884,0.26101,0.136205,0.0901734,0.0682036,0.0554856,0.0480799,0.0480799,0.0480799,0.0480799,0.465682
+218s,3.072,6,10,protocol,7.5,1560,6184,3.9641,6074,3996,0.657886,0.282327,0.148786,0.0979814,0.0737754,0.06039,0.0523425,0.0523425,0.0523425,0.0523425,0.465462
+219s,1.024,2,10,protocol,7.5,1560,6016,3.85641,6295,3990,0.633836,0.270074,0.145034,0.0953377,0.0719299,0.0587609,0.0506939,0.0506939,0.0506939,0.0506939,0.465816
+220s,0,0,10,protocol,7.5,1560,5944,3.81026,6114,3882,0.634936,0.269876,0.14401,0.0943492,0.071396,0.0580406,0.0500139,0.0500139,0.0500139,0.0500139,0.465446
+221s,3.584,7,10,protocol,7.5,1560,5988,3.83846,6134,3967,0.646723,0.270979,0.14597,0.0954187,0.0719504,0.0584634,0.0503498,0.0503498,0.0503498,0.0503498,0.465222
+222s,4.096,8,10,protocol,7.5,1560,5834,3.73974,6099,3882,0.636498,0.266951,0.142144,0.0928567,0.0704377,0.0572196,0.0489614,0.0489614,0.0489614,0.0489614,0.464819
+223s,4.096,8,10,protocol,7.5,1560,5859,3.75577,6222,3947,0.634362,0.272588,0.143364,0.0929705,0.0708105,0.0576673,0.0491725,0.0491725,0.0491725,0.0491725,0.464463
+224s,4.096,8,10,protocol,7.5,1560,6307,4.04295,6448,4093,0.63477,0.286971,0.155047,0.100516,0.076283,0.0622373,0.0529128,0.0529128,0.0529128,0.0529128,0.464261
+225s,2.048,4,10,protocol,7.5,1560,5932,3.80256,6520,4113,0.630828,0.274296,0.14635,0.0948695,0.0718812,0.0587071,0.0499958,0.0499958,0.0499958,0.0499958,0.46402
+226s,1.536,3,10,protocol,7.5,1560,6067,3.8891,6371,3930,0.616858,0.276656,0.149074,0.0971046,0.0735403,0.0600212,0.0512658,0.0512658,0.0512658,0.0512658,0.46424
+227s,1.536,3,10,protocol,7.5,1560,6209,3.98013,6070,3977,0.655189,0.281985,0.152984,0.0997173,0.0756374,0.0615313,0.0525541,0.0525541,0.0525541,0.0525541,0.464195
+228s,1.024,2,10,protocol,7.5,1560,5716,3.6641,5915,3668,0.620118,0.259075,0.140346,0.0918528,0.0696097,0.0567728,0.0484501,0.0484501,0.0484501,0.0484501,0.464203
+229s,1.536,3,10,protocol,7.5,1560,5893,3.77756,5728,3489,0.609113,0.262075,0.144023,0.0948892,0.0715083,0.0586193,0.0501233,0.0501233,0.0501233,0.0501233,0.464054
+230s,0.512,1,10,protocol,7.5,1560,5692,3.64872,5734,3477,0.606383,0.258277,0.139925,0.0918272,0.0690458,0.0568972,0.0484908,0.0484908,0.0484908,0.0484908,0.463784
+231s,2.048,4,10,protocol,7.5,1560,5524,3.54103,5832,3299,0.565672,0.249845,0.136308,0.0894271,0.067233,0.0553896,0.0472387,0.0472387,0.0472387,0.0472387,0.463859
+232s,0.512,1,10,protocol,7.5,1560,5400,3.46154,5875,3370,0.573617,0.242825,0.133939,0.0874565,0.0657919,0.0541973,0.0463822,0.0463822,0.0463822,0.0463822,0.463463
+233s,1.024,2,10,protocol,7.5,1560,5613,3.59808,5755,3475,0.603823,0.252743,0.138514,0.0908752,0.0685432,0.056243,0.0482947,0.0482947,0.0482947,0.0482947,0.463573
+234s,2.56,5,10,protocol,7.5,1560,5572,3.57179,5770,3518,0.609705,0.252685,0.13713,0.0902889,0.068144,0.0558188,0.0480084,0.0480084,0.0480084,0.0480084,0.463386
+235s,2.048,4,10,protocol,7.5,1560,5576,3.57436,5783,3455,0.597441,0.250508,0.136363,0.0907109,0.0683183,0.0560678,0.0480023,0.0480023,0.0480023,0.0480023,0.463168
+236s,4.096,8,10,protocol,7.5,1560,5589,3.58269,5680,3474,0.61162,0.250679,0.136747,0.090816,0.0684792,0.0562138,0.0483227,0.0483227,0.0483227,0.0483227,0.462815
+237s,3.584,7,10,protocol,7.5,1560,5527,3.54295,5724,3427,0.598707,0.248372,0.13622,0.090337,0.0678834,0.0557124,0.0478706,0.0478706,0.0478706,0.0478706,0.462724
+238s,3.584,7,10,protocol,7.5,1560,5805,3.72115,5755,3560,0.618593,0.257395,0.143606,0.0953092,0.0717207,0.0586482,0.0503797,0.0503797,0.0503797,0.0503797,0.462666
+239s,4.608,9,10,protocol,7.5,1560,5936,3.80513,5881,3580,0.60874,0.265293,0.147901,0.0975706,0.0735819,0.0601163,0.0515676,0.0515676,0.0515676,0.0515676,0.462411
+240s,5.632,11,10,protocol,7.5,1560,6031,3.86603,6067,3714,0.612164,0.271241,0.150159,0.0994706,0.0746411,0.0612508,0.052555,0.052555,0.052555,0.052555,0.462177
+241s,6.144,12,10,protocol,7.5,1560,5813,3.72628,5907,3708,0.62773,0.260876,0.145194,0.0958371,0.0717114,0.0591901,0.0507876,0.0507876,0.0507876,0.0507876,0.462279
+242s,4.096,8,10,protocol,7.5,1560,5759,3.69167,5740,3574,0.622648,0.258524,0.145746,0.0953224,0.0713039,0.0587821,0.0505441,0.0505441,0.0505441,0.0505441,0.462323
+243s,4.096,8,10,protocol,7.5,1560,5764,3.69487,5637,3694,0.655313,0.261981,0.146577,0.0957777,0.0717424,0.0588073,0.0506583,0.0506583,0.0506583,0.0506583,0.46205
+244s,4.096,8,10,protocol,7.5,1560,5888,3.77436,5476,3380,0.617239,0.26212,0.149286,0.0982906,0.0735127,0.0602618,0.0518429,0.0518429,0.0518429,0.0518429,0.46219
+245s,4.096,8,10,protocol,7.5,1560,5946,3.81154,5346,3441,0.643659,0.269828,0.150338,0.0996982,0.0744879,0.0609359,0.0523402,0.0523402,0.0523402,0.0523402,0.462
+246s,6.144,12,10,protocol,7.5,1560,5676,3.63846,5381,3309,0.614941,0.261378,0.14416,0.0954479,0.0712421,0.0586049,0.0500084,0.0500084,0.0500084,0.0500084,0.461748
+247s,6.144,12,10,protocol,7.5,1560,5736,3.67692,5516,3395,0.615482,0.265826,0.145296,0.0971133,0.0722136,0.0595632,0.0505602,0.0505602,0.0505602,0.0505602,0.461817
+248s,6.144,12,10,protocol,7.5,1560,5880,3.76923,5392,3565,0.661165,0.276387,0.148921,0.0998557,0.0741946,0.0609775,0.0518002,0.0518002,0.0518002,0.0518002,0.461682
+249s,3.072,6,10,protocol,7.5,1560,5723,3.66859,5421,3482,0.642317,0.268468,0.144772,0.0972621,0.0723899,0.059081,0.0504185,0.0504185,0.0504185,0.0504185,0.461663
+250s,3.584,7,10,protocol,7.5,1560,5569,3.56987,5697,3469,0.608917,0.259444,0.141579,0.094518,0.0706251,0.0573716,0.0489974,0.0489974,0.0489974,0.0489974,0.46159
+251s,7.68,15,10,protocol,7.5,1560,5667,3.63269,5733,3606,0.62899,0.26948,0.144773,0.0954909,0.0720131,0.0584142,0.0497384,0.0497384,0.0497384,0.0497384,0.461313
+252s,10.752,21,10,protocol,7.5,1560,5428,3.47949,5475,3450,0.630137,0.259835,0.138618,0.0912744,0.0690629,0.0556415,0.0475794,0.0475794,0.0475794,0.0475794,0.460931
+253s,6.656,13,10,protocol,7.5,1560,5535,3.54808,5316,3306,0.621896,0.262942,0.141785,0.0929487,0.0704396,0.0565934,0.0485007,0.0485007,0.0485007,0.0485007,0.460683
+254s,5.632,11,10,protocol,7.5,1560,5895,3.77885,5434,3601,0.662679,0.275312,0.151566,0.0987272,0.0747584,0.0602933,0.0516105,0.0516105,0.0516105,0.0516105,0.460363
+255s,4.096,8,10,protocol,7.5,1560,5474,3.50897,5656,3479,0.615099,0.256795,0.141447,0.0914207,0.0690743,0.0558122,0.0477129,0.0477129,0.0477129,0.0477129,0.460182
+256s,5.12,10,10,protocol,7.5,1560,5483,3.51474,5357,3272,0.61079,0.255798,0.141274,0.0917626,0.0688413,0.0557227,0.0476385,0.0476385,0.0476385,0.0476385,0.460607
+257s,3.584,7,10,protocol,7.5,1560,5578,3.57564,5462,3477,0.63658,0.259752,0.142788,0.0928151,0.0698647,0.0564398,0.0482576,0.0482576,0.0482576,0.0482576,0.460589
+258s,3.584,7,10,protocol,7.5,1560,5803,3.71987,5310,3681,0.69322,0.273349,0.146741,0.0967747,0.0723557,0.0585635,0.0499591,0.0499591,0.0499591,0.0499591,0.460337
+259s,2.048,4,10,protocol,7.5,1560,5576,3.57436,5445,3706,0.680624,0.263773,0.140503,0.0922705,0.0691117,0.0563585,0.0479021,0.0479021,0.0479021,0.0479021,0.460057
+260s,2.048,4,10,protocol,7.5,1560,5445,3.49038,5509,3558,0.645852,0.258932,0.135786,0.0894309,0.0670253,0.0546851,0.0466497,0.0466497,0.0466497,0.0466497,0.459968
+261s,2.048,4,10,protocol,7.5,1560,5640,3.61538,5454,3567,0.654015,0.271022,0.141762,0.0922835,0.069239,0.056338,0.048171,0.048171,0.048171,0.048171,0.459664
+262s,2.048,4,10,protocol,7.5,1560,5356,3.43333,5573,3607,0.647228,0.259362,0.134263,0.0872853,0.0658171,0.0533684,0.0456102,0.0456102,0.0456102,0.0456102,0.45962
+263s,2.56,5,10,protocol,7.5,1560,5295,3.39423,5488,3495,0.636844,0.256777,0.133241,0.0856214,0.0648992,0.0526065,0.0450493,0.0450493,0.0450493,0.0450493,0.45959
+264s,2.048,4,10,protocol,7.5,1560,5459,3.49936,5341,3434,0.642951,0.261628,0.136656,0.0875261,0.0663894,0.0542089,0.0463684,0.0463684,0.0463684,0.0463684,0.459902
+265s,2.048,4,10,protocol,7.5,1560,5551,3.55833,5399,3488,0.646046,0.267003,0.137896,0.0888928,0.0671424,0.0550782,0.0469036,0.0469036,0.0469036,0.0469036,0.459634
+266s,2.048,4,10,protocol,7.5,1560,5403,3.46346,5424,3272,0.603245,0.254073,0.13351,0.0866699,0.0650791,0.0534559,0.0456624,0.0456624,0.0456624,0.0456624,0.460057
+267s,2.048,4,10,protocol,7.5,1560,4780,3.0641,5236,2967,0.566654,0.223756,0.117696,0.0762458,0.0572805,0.0470959,0.0402137,0.0402137,0.0402137,0.0402137,0.459839
+268s,2.048,4,10,protocol,7.5,1560,5052,3.23846,5286,3079,0.582482,0.23413,0.124427,0.0804305,0.0604299,0.0496019,0.0423918,0.0423918,0.0423918,0.0423918,0.459976
+269s,2.048,4,10,protocol,7.5,1560,5248,3.3641,5372,3223,0.599963,0.240182,0.128382,0.0835602,0.0626881,0.051507,0.0440261,0.0440261,0.0440261,0.0440261,0.460315
+270s,2.048,4,10,protocol,7.5,1560,5437,3.48526,5400,3324,0.615556,0.253105,0.131618,0.0865131,0.0650126,0.0532668,0.0455715,0.0455715,0.0455715,0.0455715,0.460156
+271s,2.048,4,10,protocol,7.5,1560,5379,3.44808,5449,3428,0.629106,0.251998,0.130628,0.0854542,0.0642729,0.0526563,0.0450914,0.0450914,0.0450914,0.0450914,0.460506
+272s,2.048,4,10,protocol,7.5,1560,5310,3.40385,5618,3444,0.61303,0.24718,0.129724,0.0841268,0.0637524,0.0518211,0.0444307,0.0444307,0.0444307,0.0444307,0.460433
+273s,2.56,5,10,protocol,7.5,1560,5202,3.33462,5754,3338,0.580118,0.240761,0.126813,0.08262,0.0626913,0.0505943,0.0434641,0.0434641,0.0434641,0.0434641,0.460677
+274s,4.096,8,10,protocol,7.5,1560,5433,3.48269,5599,3331,0.594928,0.251384,0.132512,0.086197,0.0654224,0.0528286,0.0453498,0.0453498,0.0453498,0.0453498,0.460586
+275s,3.584,7,10,protocol,7.5,1560,5214,3.34231,5428,3177,0.585298,0.239553,0.127622,0.0824009,0.0628488,0.0508128,0.043504,0.043504,0.043504,0.043504,0.460673
+276s,2.048,4,10,protocol,7.5,1560,5398,3.46026,5337,3294,0.617201,0.249817,0.131958,0.0853412,0.0649774,0.0526218,0.0449358,0.0449358,0.0449358,0.0449358,0.460728
+277s,2.048,4,10,protocol,7.5,1560,5477,3.5109,5275,3241,0.614408,0.256317,0.13304,0.0869282,0.0659006,0.0533904,0.0455381,0.0455381,0.0455381,0.0455381,0.460954
+278s,2.048,4,10,protocol,7.5,1560,5272,3.37949,5372,3372,0.627699,0.250063,0.12776,0.0839116,0.0633228,0.0513405,0.0439048,0.0439048,0.0439048,0.0439048,0.460888
+279s,2.048,4,10,protocol,7.5,1560,5560,3.5641,5562,3572,0.642215,0.272169,0.13456,0.0886169,0.0668752,0.0541082,0.0463813,0.0463813,0.0463813,0.0463813,0.461163
+280s,2.048,4,10,protocol,7.5,1560,5159,3.30705,5673,3487,0.614666,0.253885,0.125404,0.0821706,0.0617985,0.0501663,0.0430516,0.0430516,0.0430516,0.0430516,0.46107
+281s,2.56,5,10,protocol,7.5,1560,5479,3.51218,5614,3638,0.648023,0.266914,0.133788,0.0868235,0.0654107,0.0532267,0.0455263,0.0455263,0.0455263,0.0455263,0.461135
+282s,2.048,4,10,protocol,7.5,1560,5162,3.30897,5693,3442,0.604602,0.250559,0.125685,0.0815186,0.061437,0.0500912,0.0428542,0.0428542,0.0428542,0.0428542,0.461188
+283s,2.048,4,10,protocol,7.5,1560,5467,3.50449,5617,3530,0.628449,0.264818,0.134107,0.0866595,0.0651275,0.0529681,0.0453539,0.0453539,0.0453539,0.0453539,0.46095
+284s,2.048,4,10,protocol,7.5,1560,5380,3.44872,5329,3327,0.62432,0.257549,0.131934,0.0853034,0.0642242,0.0521176,0.0445254,0.0445254,0.0445254,0.0445254,0.460825
+285s,2.048,4,10,protocol,7.5,1560,5383,3.45064,5382,3360,0.624303,0.25651,0.132105,0.0853604,0.0639699,0.0519976,0.0444825,0.0444825,0.0444825,0.0444825,0.460577
+286s,2.048,4,10,protocol,7.5,1560,5140,3.29487,5470,3287,0.600914,0.247913,0.126333,0.081643,0.0611141,0.0496038,0.0424681,0.0424681,0.0424681,0.0424681,0.460474
+287s,2.048,4,10,protocol,7.5,1560,5286,3.38846,5398,3359,0.622268,0.254479,0.129334,0.0837798,0.0629016,0.0510468,0.0436639,0.0436639,0.0436639,0.0436639,0.460225
+288s,2.56,5,10,protocol,7.5,1560,5355,3.43269,5430,3523,0.648803,0.258678,0.131019,0.0848209,0.0634667,0.0518338,0.0442866,0.0442866,0.0442866,0.0442866,0.460116
+289s,3.072,6,10,protocol,7.5,1560,5408,3.46667,5548,3357,0.605083,0.255046,0.131601,0.0856631,0.0640227,0.0523341,0.0447845,0.0447845,0.0447845,0.0447845,0.460302
+290s,2.048,4,10,protocol,7.5,1560,5229,3.35192,5448,3346,0.61417,0.247826,0.127608,0.0828488,0.0621619,0.0507217,0.0433338,0.0433338,0.0433338,0.0433338,0.459982
+291s,4.096,8,10,protocol,7.5,1560,4937,3.16474,5465,3149,0.576212,0.22912,0.120898,0.0780442,0.0590508,0.0480164,0.0409638,0.0409638,0.0409638,0.0409638,0.460092
+292s,2.048,4,10,protocol,7.5,1560,5009,3.2109,5447,3144,0.577198,0.233873,0.121983,0.0788695,0.0600823,0.0488035,0.0416771,0.0416771,0.0416771,0.0416771,0.459916
+293s,2.048,4,10,protocol,7.5,1560,5011,3.21218,5569,3303,0.593105,0.234697,0.12173,0.0788625,0.0602523,0.0489413,0.0416951,0.0416951,0.0416951,0.0416951,0.459919
+294s,2.048,4,10,protocol,7.5,1560,5354,3.43205,5631,3427,0.608595,0.24941,0.129939,0.0842924,0.0644276,0.0523859,0.0446427,0.0446427,0.0446427,0.0446427,0.459615
+295s,2.048,4,10,protocol,7.5,1560,5119,3.28141,5484,3350,0.610868,0.241357,0.124638,0.0807948,0.0617089,0.0502227,0.0428117,0.0428117,0.0428117,0.0428117,0.45935
+296s,2.048,4,10,protocol,7.5,1560,4985,3.19551,5344,3320,0.621257,0.238076,0.121104,0.0788441,0.0600313,0.0488247,0.0416855,0.0416855,0.0416855,0.0416855,0.45899
+297s,2.048,4,10,protocol,7.5,1560,5400,3.46154,5069,3133,0.618071,0.252062,0.132042,0.0858669,0.0651371,0.0529796,0.0452671,0.0452671,0.0452671,0.0452671,0.458915
+298s,2.048,4,10,protocol,7.5,1560,4878,3.12692,4937,3123,0.63257,0.229496,0.120148,0.0779881,0.0588675,0.0480686,0.0408467,0.0408467,0.0408467,0.0408467,0.458638
+299s,2.048,4,10,protocol,7.5,1560,4913,3.14936,4901,2949,0.601714,0.234135,0.121108,0.0787933,0.0591892,0.0484828,0.0411809,0.0411809,0.0411809,0.0411809,0.458551
+300s,2.048,4,10,protocol,7.5,1560,4940,3.16667,4892,2922,0.597302,0.23256,0.121334,0.079253,0.0595403,0.0486584,0.0413787,0.0413787,0.0413787,0.0413787,0.459037
